{
  "korean": "한국어",
  "english": "English",
  "vietnamese": "Tiếng Việt",
  "t001": "Hoàn thành mục tiêu hàng ngày!",
  "t002": "Bạn đã đạt được mục tiêu học tập của ngày hôm nay!",
  "t003": "Ghi nhận thành tích mục tiêu hàng ngày!",
  "t004": "Làm tốt lắm! Bạn đã tích lũy được {{num}} lần hoàn thành mục tiêu hàng ngày!",
  "t005": "Ghi nhận thành tích học liên tục!",
  "t006": "Cố lên! Bạn đang tích lũy kinh nghiệm cho thói quen đọc sách hàng ngày!",
  "t007": "Ghi nhận thành tích học liên tục!",
  "t008": "Thật tuyệt vời! Bạn đã tích lũy được {{num}} lần học liên tục!",
  "t009": "Đã mở khóa câu chuyện mới của nhân vật!",
  "t010": "Hãy kiểm tra trong trang Nhiệm vụ!",
  "t011": "Nhận huân chương Master!",
  "t012": "Thật tuyệt vời! Bạn đã thành thạo mọi cấp độ của {{txt}} Level này!",
  "t013": "Ghi nhận thành tích King of Reading!",
  "t014": "Chúc mừng! Bạn đã trở thành King of Reading!",
  "t015": "Nhật ký",
  "t016": "Xem tổng quan",
  "t017": "Xem chi tiết",
  "t018": "Điểm danh {{num}}ngày",
  "t019": "Hoàn thành mục tiêu hàng ngày {{num}}lần",
  "t020": "(Nhận +{{num}}P điểm mỗi ngày)",
  "t021": "(Học {{num}} quyển sách mỗi ngày)",
  "t022": "Số sách đã học",
  "t023": "{{num}} Quyển",
  "t024": "Bạn đã đọc {{num}} quyển sách",
  "t025": "Nhận huân chương Master - {{txt}}",
  "t026": "Thay đổi mục tiêu - Đọc {{num}} quyển sách mỗi ngày",
  "t027": "Thay đổi mục tiêu - Đạt được {{num}} điểm mỗi ngày!",
  "t028": "Trang chủ",
  "t029": "Giới thiệu",
  "t030": "Dùng thử",
  "t031": "Thư viện",
  "t032": "Báo cáo",
  "t033": "Xếp hạng",
  "t034": "Thông tin học viên",
  "t035": "Hồ sơ cá nhân",
  "t036": "Chỉnh sửa hồ sơ",
  "t037": "Chọn hình đại diện",
  "t038": "Hoàn thành mục tiêu hàng ngày",
  "t039": "Thành tích học liên tục",
  "t040": "Thành tích thử thách",
  "t041": "Level Master",
  "t042": "Thiết lập mục tiêu hàng ngày",
  "t043": "Level của tôi",
  "t044": "Cài đặt",
  "t045": "Hoàn thành mục tiêu",
  "t046": "Thành tích học liên tục",
  "t047": "Thử thách",
  "t048": "Phần thưởng King of Reading",
  "t049": "Nhiệm vụ",
  "t050": "Đăng xuất",
  "t051": "Số ngày sử dụng còn lại",
  "t052": "{{num}} ngày",
  "t053": "Đọc {{num1}}/{{num2}} quyển",
  "t054": "Nhận {{num1}}/{{num2}} điểm",
  "t055": "Mục tiêu hàng ngày",
  "t056": "Tài khoản",
  "t057": "Chatbot",
  "t058": "Tổng số sách đã đọc",
  "t060": "Tổng số điểm tích lũy",
  "t062": "Chưa học tiếng Anh",
  "t063": "3 tuổi",
  "t064": "4 tuổi",
  "t065": "5 tuổi",
  "t066": "6 tuổi",
  "t067": "7 tuổi",
  "t068": "Lớp 1",
  "t069": "Lớp 2",
  "t070": "Lớp 3",
  "t071": "Lớp 4",
  "t072": "Lớp 5",
  "t073": "Lớp 6",
  "t074": "Lớp 7",
  "t075": "Lớp 8",
  "t076": "Lớp 9",
  "t077": "Lớp 10",
  "t078": "Lớp 11",
  "t079": "Lớp 12",
  "t080": "Tên học viên",
  "t081": "Lớp",
  "t082": "Đã chỉnh sửa xong",
  "t083": "Lựa chọn xong",
  "t084": "Hãy hoàn thành mục tiêu hàng ngày để được ghi nhận thành tích sau mỗi 25 ngày.",
  "t085": "Bạn chưa được ghi nhận bất kỳ thành tích nào.",
  "t086": "Đạt được mục tiêu hàng ngày {{num}} lần",
  "t087": "Hãy duy trì việc học liên tục mỗi ngày để được ghi nhận thành tích sau mỗi 20 ngày.",
  "t088": "Đạt được {{num}} ngày học liên tục",
  "t089": "Hãy tham gia cuộc thi King of Reading và giành lấy danh hiệu cùng phần thưởng.",
  "t090": "Hãy tích lũy điểm theo từng Level để giành được huân chương Master.",
  "t091": "Làm thế nào để bạn đạt được mục tiêu của mình?",
  "t092": "Tích luỹ điểm đọc sách",
  "t093": "Hoàn thành bài học",
  "t094": "Thiết lập mục tiêu",
  "t095": "Học {{num}} quyển sách mỗi ngày",
  "t096": "Tích luỹ {{num}} điểm mỗi ngày",
  "t097": "Thay đổi",
  "t098": "Cài đặt",
  "t099": "Lịch sử thay đổi mục tiêu",
  "t101": "Level hiện tại",
  "t102": "Level Test",
  "t103": "Level đang học",
  "t104": "Level học hiện tại đang được hiển thị. Bạn cũng có thể thay đổi Level học bằng cách nhấn vào menu bên dưới.",
  "t105": "Pre K (cấp mẫu giáo)",
  "t106": "KA (Cấp độ A cho học viên tiểu học lớp 1, 2)",
  "t107": "KB (Cấp độ B cho học viên tiểu học lớp 1, 2 )",
  "t108": "KC (Cấp độ C cho học viên tiểu học lớp 1, 2)",
  "t109": "1A (cấp độ A cho học viên tiểu học lớp 3, 4, 5)",
  "t110": "1B (cấp độ B cho học viên tiểu học lớp 3, 4, 5)",
  "t111": "1C (cấp độ C cho học viên tiểu học lớp 3, 4, 5)",
  "t112": "2A (trình độ trung học cơ sở lớp 6, 7)",
  "t113": "2B (trình độ trung học cơ sở lớp 6, 7)",
  "t114": "2C (trình độ trung học cơ sở lớp 6, 7)",
  "t115": "3A (trình độ trung học cơ sở lớp 8, 9)",
  "t116": "3B (trình độ trung học cơ sở lớp 8, 9)",
  "t117": "3C (trình độ trung học cơ sở lớp 8, 9)",
  "t118": "4A (trình độ trung học phổ thông trở lên)",
  "t119": "4B (trình độ trung học phổ thông trở lên)",
  "t120": "4C (trình độ trung học phổ thông trở lên)",
  "t121": "5A (trình độ trung học phổ thông trở lên)",
  "t122": "5B (trình độ trung học phổ thông trở lên)",
  "t123": "5C (trình độ trung học phổ thông trở lên)",
  "t124": "6B (trình độ trung học phổ thông trở lên)",
  "t125": "6B (trình độ trung học phổ thông trở lên)",
  "t126": "6C (trình độ trung học phổ thông trở lên)",
  "t127": "Tất cả Level",
  "t128": "Có thể kiểm tra được tất cả Level và trạng thái lên Level. Khi bạn hoàn thành lên Level, bạn sẽ thấy hiển thị huân chương Master.",
  "t129": "Bạn có muốn thay đổi Level <b> bạn đang học sang Level </b> đang chọn không?",
  "t130": "OK",
  "t131": "Không",
  "t132": "Lịch sử Level Test",
  "t133": "Bạn có thể kiểm tra kết quả của Level Test. Bạn có thể làm lại Level Test sau 180 ngày.",
  "t134": "Không có lịch sử Level Test.",
  "t135": "Hiện tại bạn có thể làm Level Test.",
  "t136": "Làm Level Test",
  "t137": "Kết quả Level Test",
  "t138": "Nhắc hẹn",
  "t139": "Thông báo",
  "t140": "Kết quả",
  "t141": "Hoàn thành bài học và nhận {10.2P} điểm.",
  "t142": "Mục tiêu hàng ngày",
  "t143": "Bạn đã đạt được mục tiêu hàng ngày.",
  "t144": "Nhiệm vụ / Level Master",
  "t145": "Bạn đã hoàn thành Level KA",
  "t146": "Giải thưởng / Học liên tục",
  "t147": "Đạt thành tích học liên tục 20 ngày",
  "t148": "Đạt mục tiêu hàng ngày trong 25 ngày",
  "t149": "Thử thách / King of Reading",
  "t150": "Bạn đã đạt giải xuất sắc trong cuộc thi King of Reading.",
  "t151": "Nhiệm vụ / Dodo và những người bạn",
  "t152": "Câu chuyện của Chello đã được mở khóa",
  "t153": "Mở khóa nhân vật",
  "t154": "Hãy tích luỹ điểm để mở khóa câu chuyện của các nhân vật hoạt hình!",
  "t155": "Mở khóa câu chuyện tiếp theo",
  "t156": "Hãy tích lũy điểm đọc sách theo từng Level để đạt Level Master!",
  "t157": "Level đang theo học",
  "t158": "Level đã hoàn thành",
  "t160": "Số điểm tích lũy",
  "t161": "Số sách đã đọc",
  "t162": "{{num}} quyển",
  "t163": "Màn hình chính",
  "t164": "Xem quá trình tham gia thử thách",
  "t165": "Khi cuộc thi King of Reading bắt đầu, bạn sẽ được kích hoạt trạng thái tham gia.",
  "t166": "Đọc sách eBook",
  "t167": "Khi học bằng eBook, câu chuyện sẽ được tự động phát lại 2 lần",
  "t168": "Bài tập After Reading",
  "t169": "Trong phần luyện tập đánh máy, bạn có thể bỏ qua từng câu hỏi một, và trong phần kiểm tra, bạn sẽ được cung cấp gợi ý theo số lần cơ hội được cho.",
  "t170": "Nhận được câu trả lời đúng bằng cơ hội được cho và sau đó có thể chuyển sang câu hỏi tiếp theo",
  "t171": "Học liên tục",
  "t172": "Hãy hoàn thành việc học ít nhất một quyển sách mỗi ngày để duy trình thành tích học liên tục!",
  "t173": "Hãy hoàn thành việc học ít nhất một quyển sách mỗi ngày liên tục trong 20 ngày!",
  "t174": "Tính đến hiện tại",
  "t175": "Đã đạt</span> ngày!!",
  "t176": "Vui lòng nhập tên học viên.",
  "t177": "Vui lòng nhập tên chính xác.",
  "t178": "Không thể thay đổi.",
  "t179": "Tên đã được thay đổi.",
  "t180": "Vui lòng nhập mật khẩu hiện tại.",
  "t181": "Vui lòng nhập mật khẩu mới.",
  "t182": "Vui lòng đặt mật khẩu khác với mật khẩu hiện tại.",
  "t183": "Vui lòng nhập mật khẩu từ 8~20 ký tự, bao gồm chữ số, chữ thường.",
  "t184": "Vui lòng nhập mật khẩu từ 8~20 ký tự, bao gồm chữ số, chữ thường, chữ in hoa, ký tự đặc biệt.",
  "t185": "Mật khẩu đã được thay đổi.",
  "t186": "Cần có số điện thoại di động để nhận được báo cáo học tập, tin tức,... Vui lòng đăng ký số điện thoại di động ở ô Số điện thoại.",
  "t187": "Tôi đồng ý nhận báo cáo học tập, tin tức, v.v.",
  "t188": "Đã từ chối nhận báo cáo học tập, tin tức, v.v.",
  "t189": "Thông tin tài khoản",
  "t190": "Học viên, thông tin thanh toán",
  "t191": "Số ngày sử dụng còn lại: {{num}} ngày",
  "t192": "Ngày hết hạn: {{txt}}",
  "t193": "Thanh toán",
  "t194": "Chỉnh sửa",
  "t195": "Lưu lại",
  "t196": "Thông tin liên hệ (số điện thoại di động)",
  "t197": "Xác minh danh tính",
  "t198": "Nhận báo cáo học tập, tin tức, v.v.",
  "t199": "Chi tiết thanh toán",
  "t200": "Tạm ngưng sử dụng",
  "t201": "Hủy tài khoản học viên",
  "t202": "Mật khẩu",
  "t203": "Mật khẩu hiện tại",
  "t204": "Hủy bỏ",
  "t205": "Mật khẩu mới",
  "t206": "Reading Gate",
  "t207": "Vừa mê đọc sách, vừa giỏi tiếng Anh",
  "t208": "Thêm tài khoản",
  "t209": "Nhập mật khẩu để đăng nhập",
  "t210": "Bạn có muốn xoá tài khoản đã chọn khỏi danh sách không?",
  "t211": "Xoá tài khoản khỏi danh sách",
  "t212": "Nhập mật khẩu",
  "t213": "Lưu mật khẩu",
  "t214": "Đăng nhập",
  "t215": "Vui lòng nhập mật khẩu.",
  "t216": "Vui lòng nhập lại mật khẩu.",
  "t217": "Mật khẩu không chính xác.",
  "t218": "Cài đặt mật khẩu không thành công.",
  "t220": "Vui lòng nhập mật khẩu đúng định dạng.",
  "t221": "Nhập lại mật khẩu thêm một lần nữa.",
  "t222": "Thay đổi mật khẩu",
  "t223": "Đây là tài khoản không hỗ trợ tìm lại ID. Vui lòng liên hệ với bộ phận chăm sóc khách hàng.",
  "t224": "Bạn chưa phải là học viên đã đăng ký.",
  "t225": "Tìm lại tài khoản",
  "t226": "* Vui lòng nhập số điện thoại đã đăng ký trong thông tin học viên.",
  "t227": "* Vui lòng nhập e-mail đã đăng ký trong thông tin học viên.",
  "t228": "Tìm bằng số đện thoại",
  "t229": "Tìm bằng e-mail",
  "t230": "Số điện thoại",
  "t231": "Tìm kiếm",
  "t232": "Tên",
  "t233": "ID",
  "t234": "Ngày đăng ký",
  "t235": "Không tìm thấy ID. Vui lòng liên hệ với bộ phận chăm sóc khách hàng.",
  "t236": "Lớp",
  "t237": "Thuộc lớp",
  "t238": "Đây là tài khoản không hỗ trợ tìm lại mật khẩu. Vui lòng liên hệ với bộ phận chăm sóc khách hàng.",
  "t239": "Không tìm thấy thông tin người dùng.",
  "t240": "Không thể xác minh email vì cùng một email đang được sử dụng trong nhiều tài khoản. Vui lòng liên hệ với bộ phận chăm sóc khách hàng.",
  "t241": "Không tìm thấy thông tin email.",
  "t242": "Thông tin email không hợp lệ.",
  "t243": "Không thể gửi email. Nếu thông báo này tiếp tục xuất hiện, vui lòng liên hệ với bộ phận chăm sóc khách hàng.",
  "t244": "Thông tin xác minh không chính xác.",
  "t245": "Thời gian xác minh đã kết thúc.",
  "t246": "Đã xảy ra lỗi khi tìm lại mật khẩu. Nếu thông báo này tiếp tục xuất hiện, vui lòng liên hệ với bộ phận chăm sóc khách hàng.",
  "t247": "Tìm lại mật khẩu",
  "t248": "Vui lòng nhập ID đã đăng ký trong thông tin học viên.",
  "t249": "Tìm bằng ID",
  "t250": "Mã xác minh đã được gửi đến {{txt}}. Vui lòng hoàn thành xác minh trong vòng 10 phút tính từ thời điểm hiện tại.",
  "t251": "Nhập mã xác minh",
  "t252": "Xác minh",
  "t253": "Gửi lại mã xác minh",
  "t254": "Mật khẩu tạm thời đã được gửi đến {{txt}}. Vui lòng đăng nhập và thay đổi mật khẩu trước khi sử dụng.",
  "t255": "Đang tải",
  "t256": "Danh sách tài khoản",
  "t257": "ID và mật khẩu sẽ được cấp ở '{{txt}}'.",
  "t258": "Học viên cá nhân",
  "t259": "Học viên trường/ trung tâm",
  "t260": "(Trường, trung tâm)",
  "t261": "Vui lòng chọn quốc gia để truy cập dịch vụ.",
  "t262": "Tìm tên trường/ trung tâm",
  "t263": "Tìm kiếm",
  "t264": "Không có kết quả tìm kiếm. Vui lòng kiểm tra lại tên trường, trung tâm.",
  "t265": "Kết quả tìm kiếm",
  "t266": "ID (hoặc e-mail)",
  "t267": "Đăng ký học viên",
  "t268": "Nếu đã nhận được hướng dẫn sử dụng ở trường/trung tâm, vui lòng tìm kiếm tên trường/trung tâm và đăng nhập.",
  "t269": "Không tìm thấy thông tin học viên. Vui lòng liên hệ với bộ phận chăm sóc khách hàng.",
  "t270": "Đăng nhập ID",
  "t271": "Đăng nhập theo Lớp",
  "t272": "Chọn năm học",
  "t273": "Chọn lớp",
  "t274": "Chỉ những học viên đã đăng ký tại '{{txt}}' mới có thể sử dụng.",
  "t275": "Đây là tài khoản không hỗ trợ đăng ký học viên. Vui lòng liên hệ với bộ phận chăm sóc khách hàng.",
  "t276": "Vui lòng nhập email.",
  "t277": "Vui lòng nhập email đúng định dạng.",
  "t278": "Người đăng ký tài khoản phải trên 14 tuổi.",
  "t279": "Đồng ý với Điều khoản sử dụng (Bắt buộc)",
  "t280": "Đồng ý với Chính sách bảo mật (Bắt buộc)",
  "t281": "Email này đang được tài khoản khác sử dụng.",
  "t282": "Không thể gửi email. Nếu thông báo này tiếp tục xuất hiện, vui lòng liên hệ với bộ phận chăm sóc khách hàng.",
  "t283": "Đã xảy ra lỗi.",
  "t284": "Đã xảy ra lỗi trong quá trình đăng ký tài khoản. Nếu thông báo này tiếp tục xuất hiện, vui lòng liên hệ với bộ phận chăm sóc khách hàng.",
  "t285": "Lỗi tiếp cận.",
  "t286": "Đăng ký tài khoản Reading Gate",
  "t287": "[Ưu đãi] Miễn phí sử dụng tất cả tính năng ngoại trừ bài kiểm tra trình độ (Level Test) trong 7 ngày kể từ ngày đăng ký!",
  "t288": "Vui lòng nhập tên học viên sẽ vào học tại Reading Gate.",
  "t289": "Tên học viên",
  "t290": "Vui lòng nhập đúng tên học viên.",
  "t291": "Vui lòng nhập địa chỉ E-mail được sử dụng làm ID đăng nhập.",
  "t292": "E-Mail (Ví dụ: student@readinggate.com)",
  "t293": "Vui lòng nhập chính xác email.",
  "t294": "Xác nhận mật khẩu",
  "t295": "[Bắt buộc] Người nhập thông tin phải trên 14 tuổi.",
  "t296": "[Bắt buộc]",
  "t297": "Điều khoản sử dụng",
  "t298": "Tôi đã đọc và đồng ý với nội dung tương ứng.",
  "t299": "Chính sách bảo mật",
  "t300": "Tiếp tục",
  "t301": "Vui lòng nhập mật khẩu đúng định dạng.",
  "t302": "Lỗi",
  "t303": "Vui lòng nhập mật khẩu từ 8~20 ký tự, bao gồm số, chữ thường, chữ in hoa, ký tự đặc biệt.",
  "t304": "Nhập số điện thoại",
  "t305": "Gửi mã xác minh",
  "t306": "Hoàn tất đăng ký",
  "t307": "Thông tin tài khoản",
  "t308": "ID đăng nhập",
  "t309": "Bạn có muốn nhận những thông tin hữu ích như báo cáo kết quả học tập, tin tức định kỳ không?",
  "t310": "Nhận tin tức",
  "t311": "Xem qua một lượt",
  "t312": "Trang chủ",
  "t313": "Cảm nhận học viên",
  "t314": "Cảm nhận phụ huynh",
  "t315": "Phỏng vấn học viên RG",
  "t316": "Bài đăng trên SNS",
  "t317": "Trang chủ",
  "t318": "Bảng vàng thành tích",
  "t319": "Cảm nhận học viên",
  "t320": "RG Membership",
  "t321": "Chăm sóc khách hàng",
  "t322": "Thời gian sử dụng đã kết thúc.",
  "t323": "Thời gian sử dụng còn lại {{num}} ngày.",
  "t324": "[Chiến dịch] Tìm kiếm RGer!",
  "t325": "Thông báo",
  "t326": "Tin tức RG",
  "t327": "Bản tin",
  "t328": "Sách mới",
  "t329": "Infographic",
  "t330": "King of Reading",
  "t331": "Superstar",
  "t332": "Chiến dịch quyên góp",
  "t333": "Xem chi tiết",
  "t334": "Mua hàng",
  "t335": "Thành viên RG Membership",
  "t336": "Chính sách hoàn tiền",
  "t337": "Điều khoản sử dụng",
  "t338": "Chọn lớp trực thuộc",
  "t339": "Chọn",
  "t340": "Đã thêm vào Danh sách To-do.",
  "t341": "Không thể thêm vào Danh sách To-do.",
  "t342": "Đã thêm vào Sách yêu thích.",
  "t343": "Không thể thêm vào Sách yêu thích.",
  "t344": "Trạng thái",
  "t345": "Tất cả sách",
  "t346": "Chưa học xong",
  "t347": "Đã học xong",
  "t348": "Sắp xếp",
  "t349": "Theo mức độ yêu thích",
  "t350": "Theo mức độ đánh giá",
  "t351": "Theo ngày cập nhật",
  "t352": "Theo điểm đọc sách",
  "t353": "Thể loại",
  "t354": "Tất cả",
  "t355": "Số điểm tích lũy và Số ngày đọc sách không đủ để đạt được mục tiêu King of Reading. Vui lòng thử lại lần sau.",
  "t356": "Theo mặc định",
  "t357": "Tham gia thử thách King of Reading! Hãy đặt ra mục tiêu và đạt được mục tiêu đó trong thời gian diễn ra cuộc thi! (Điểm tối đa có thể đạt được trong một ngày là 150P.)",
  "t358": "Alphabet",
  "t359": "Phonics 1",
  "t360": "Phonics 2",
  "t361": "Sight Words 1",
  "t362": "Sight Words 2",
  "t363": "Phonics",
  "t364": "Vui học tiếng Anh cùng DODO!",
  "t365": "Word",
  "t366": "Story",
  "t367": "Vui học tiếng Anh cơ bản theo trình tự đề xuất!",
  "t368": "Đã học xong",
  "t369": "Đã xảy ra lỗi tạm thời khi xóa sách khỏi Sách yêu thích.",
  "t370": "Tại đây bạn có thể xem những sách đã thêm vào Sách yêu thích.",
  "t371": "Hủy thao tác",
  "t372": "Xuất tệp",
  "t373": "Bỏ Xóa",
  "t374": "Xóa",
  "t375": "Xóa sách đã chọn",
  "t376": "Danh sách học tiếp",
  "t377": "Theo thứ tự mới nhất",
  "t378": "Theo thứ tự cũ nhất",
  "t379": "Sách đang học",
  "t380": "Sách chưa học",
  "t381": "Đã xảy ra lỗi tạm thời khi xóa bài tập.",
  "t382": "Tại đây bạn có thể xem các sách cần được hoàn thành (tối đa 200 quyển). Những sách chưa hoàn thành bài tập sẽ tự động bị xóa sau 60 ngày kể từ ngày được thêm vào.",
  "t383": "Tổng cộng {{num}} quyển",
  "t384": "Hiện tại không có sách cần phải hoàn thành.",
  "t385": "Xóa sách đã chọn",
  "t386": "Tại đây bạn có thể xem những sách chưa hoàn thành do điểm bài tập trung bình dưới 70 điểm.",
  "t387": "Tải xuống danh sách",
  "t388": "Xóa toàn bộ bài tập",
  "t389": "Toàn bộ",
  "t390": "Vocabulary",
  "t391": "Đã tìm kiếm nhưng không có nội dung hiển thị <br />.",
  "t392": "Tuyển tập",
  "t393": "Theo chủ đề",
  "t394": "Số ngày vào học",
  "t395": "Số sách đã đọc",
  "t396": "Thứ tự",
  "t397": "Số điểm tích lũy / Số sách đã đọc",
  "t398": "Trạng thái tham gia của tôi",
  "t399": "Cập nhật mới nhất",
  "t400": "Bảng vàng thành tích",
  "t401": "Số từ vựng đã học",
  "t402": "Xếp hạng Tháng - {{num}} tháng",
  "t403": "Xếp hạng Toàn thời gian",
  "t404": "Xếp hạng Tháng",
  "t405": "Thành tích của tôi",
  "t406": "Hướng dẫn về điểm",
  "t407": "Điểm đọc sách là gì?",
  "t408": "{{num}} ngày gần đây",
  "t412": "All {{num}} Book(s)",
  "t413": "Passed: {{num}} quyển",
  "t414": "Failed: {{num}} quyển",
  "t415": "Đã tìm kiếm trong hồ sơ học tập nhưng không có nội dung hiển thị.",
  "t416": "Passed {{num1}} quyển (+{{num2}}P)",
  "t418": "Chương trình",
  "t419": "Chính sách bảo mật",
  "t420": "B2B",
  "t421": "Địa chỉ: Tầng 1, 165 Nguyễn Văn Trỗi, phường 11, quận Phú Nhuận, thành phố Hồ Chí Minh, Việt Nam.",
  "t422": "Công ty TNHH Reading Gate Việt Nam. Đại diện pháp luật: Ông Trịnh Thế Phong. Giấy phép ĐKKD: 0315641991ㅣ Hotline: 028-7303-9199 ㅣEmail: supportVN@vn-readinggate.com",
  "t447": "Ghi nhận học liên tục {{num}} ngày",
  "t450": "Đang tải",
  "t451": "Chủ đề",
  "t452": "Ngày",
  "t453": "Quay lại",
  "t454": "Xem mục lục",
  "t455": "Vừa mê đọc sách",
  "t456": "Vừa giỏi tiếng Anh",
  "t457": "Bắt đầu",
  "t458": "Bạn không thể tiếp tục học lại sách đã học xong hôm nay.",
  "t459": "Bạn không thể tiếp tục làm bài tập After Reading.",
  "t460": "Hoàn thành chế độ Easy nhận được {{num}}P",
  "t461": "Hoàn thành chế độ Full nhận được {{num}}P",
  "t462": "Học xong lần 1 nhận được {{num}}P",
  "t463": "Học xong lần 2 nhận được {{num}}P",
  "t464": "Hoàn thành chế độ Full (+{{num}}P)",
  "t465": "Hoàn thành chế độ Easy (+{{num}}P)",
  "t466": "Học xong lần 1 (+{{num}}P)",
  "t467": "Học xong lần 2 (+{{num}}P)",
  "t468": "Thông tin sách",
  "t469": "Level",
  "t470": "Code",
  "t471": "Pages",
  "t472": "Words",
  "t473": "Grade",
  "t474": "Genre",
  "t475": "Passed",
  "t476": "Points",
  "t477": "Học bổ sung",
  "t478": "Xóa khỏi Sách yêu thích",
  "t479": "Thêm vào Sách yêu thích",
  "t480": "Xóa khỏi Danh sách To-do",
  "t481": "Thêm vào Danh sách To-do",
  "t482": "DODO ABC",
  "t483": "Học bảng chữ cái và ngữ âm",
  "t484": "PRE K (classic)",
  "t485": "Đọc sách và làm bài tập After Reading",
  "t486": "Đọc sách giấy và làm After Reading",
  "t487": "Sách mới của tháng này",
  "t488": "Tăng cường Listening",
  "t489": "Tăng cường Writing",
  "t490": "Tìm sách",
  "t491": "Tìm kiếm",
  "t492": "Tìm kiếm theo danh mục",
  "t493": "Mục lục sách",
  "t494": "Hãy chọn một cuốn sách mà bạn thích và đọc nó ngay!",
  "t495": "pBook chỉ cung cấp bài tập After Reading. Hãy tìm đọc sách giấy trước!",
  "t496": "Không tìm thấy sách học.<br />(Vui lòng kiểm tra lại cài đặt bộ lọc)",
  "t497": "Xem lại lần nữa",
  "t498": "Bắt đầu",
  "t499": "Ôn tập",
  "t500": "Gợi ý sách cho học viên lớp 1-2",
  "t501": "Gợi ý sách cho học viên lớp 3-4-5",
  "t502": "Gợi ý sách cho học viên THCS",
  "t503": "Gợi ý sách cho học viên THPT",
  "t504": "Khám phá các Level đọc sách",
  "t505": "Có thể theo dõi quá trình học tập theo từng Level và chọn sách cho phù hợp.",
  "t506": "Tuyển tập của Level này",
  "t507": "Bạn có thể tìm tuyển tập các sách liên quan đến Level này!",
  "t508": "Sách theo chủ đề",
  "t509": "Bạn có thể tìm sách liên quan đến từng chủ đề!",
  "t510": "Xem thêm",
  "t511": "Sách đã chọn",
  "t517": "Chọn một bước để bắt đầu.",
  "t518": "Trước tiên hãy bắt đầu! Bạn có thể thay đổi bất cứ lúc nào.",
  "t519": "Bảng chữ cái, ngữ âm, từ vựng cơ bản cho trẻ mẫu giáo",
  "t520": "Lớp 1~3",
  "t521": "Học từ vựng cơ bản, hiểu câu chuyện ngắn",
  "t522": "Lớp 4~5",
  "t523": "Nâng cao kỹ năng tự đọc, đọc truyện theo nhiều chủ đề khác nhau",
  "t524": "Trung học cơ sở trở lên trở lên",
  "t525": "Hoàn thiện khả năng tự đọc, hiểu hơn về sách phi hư cấu",
  "t526": "Bộ lọc",
  "t527": "Cài đặt bộ lọc",
  "t528": "Cài đặt thêm",
  "t529": "Chưa thiết lập",
  "t530": "Hoàn thành 1 lần học ở chế độ Full",
  "t531": "Hoàn thành 1 lần học ở chế độ Easy",
  "t532": "Thành tích cá nhân",
  "t533": "Đọc sách (Nhận điểm)",
  "t534": "Vocabulary List",
  "t535": "Worksheet",
  "t536": "Xuất báo cáo",
  "t537": "Báo cáo",
  "t538": "Điểm theo Step",
  "t539": "Ngày học",
  "t540": "Tổng điểm",
  "t541": "Speak (Hoàn thành)",
  "t542": "Ôn tập lại",
  "t543": "Xem video",
  "t544": "Kết quả",
  "t545": "Trạng thái chấm bài",
  "t546": "Điểm chấm bài",
  "t547": "Tên sách hoặc tên tuyển tập",
  "t548": "Nhân vật hoạt hình",
  "t549": "Nhân vật hoạt hình sẽ tự động được thêm vào mỗi khi bạn mở khóa câu chuyện của một người bạn mới trong 'Nhiệm vụ'.",
  "t551": "Đại diện pháp luật: Ông Trịnh Thế Phong",
  "t552": "Giấy phép đăng ký kinh doanh",
  "t553": "Tầng 1 tòa nhà số 165 Nguyễn Văn Trỗi, phường 1, quận Phú Nhuận, TP.HCM",
  "t554": "Hotline",
  "t555": "Bộ phận CSKH của Readinggate Vietnam",
  "t556": "Giờ làm việc: 08:30 ~ 17:30/ Giờ nghỉ trưa: 12:00 ~ 13:00",
  "t557": "DODO ABC",
  "t558": "Thư viện",
  "t559": "Bạn đã học {{num}} ngày liên tiếp!",
  "t560": "",
  "t561": "Bạn còn cách mục tiêu kế tiếp - {{num1}} ngày - là {{num2}} ngày!",
  "t562": "",
  "t563": "",
  "t564": "Thành tích số ngày học liên tiếp sẽ được ghi nhận nếu bạn học ít nhất 1 quyển sách mỗi ngày trong vòng 20 ngày. Nếu thất bại, bạn có thể bắt đầu lại từ cột mốc thành tích gần nhất.",
  "t565": "Quao! Bạn đã đạt được",
  "t566": "ngày học liên tiếp!",
  "t567": "Đến khi nhận được thành tích học liên tục",
  "t568": "Số ngày học liên tục",
  "t569": "ngày",
  "t570": "Ngày thanh toán",
  "t571": "Quyền sử dụng",
  "t572": "Phương thức thanh toán",
  "t573": "Số tiền",
  "t574": "Bạn không có lịch sử thanh toán.",
  "t575": "Xem thành tích học liên tục",
  "t576": "Nếu chọn Xem, bạn có thể xem thành tích học liên tục đã đạt được theo từng cột mốc 20 ngày và tổng số ngày học tích lũy. Nếu không chọn Xem, tài khoản chỉ hiển thị số ngày học liên tục hiện tại mà không hiển thị các thành tích và tổng số ngày học tích lũy.",
  "t577": "Bạn không thể kích hoạt Tạm ngưng sử dụng.",
  "t578": "Bạn đang Tạm ngưng sử dụng.",
  "t579": "Bạn có thể kích hoạt Tạm ngưng sử dụng.",
  "t580": "Bạn không thể kích hoạt Tạm ngưng sử dụng trong thời gian trải nghiệm.",
  "t581": "Bạn không thể hủy vào cùng ngày bạn đăng ký Tạm ngưng sử dụng.",
  "t582": "Bạn đã kích hoạt Tạm ngưng sử dụng. Từ bây giờ bạn không thể tiếp tục học.",
  "t583": "Bạn đã hủy kích hoạt Tạm ngưng sử dụng. Từ bây giờ bạn có thể tiếp tục học.",
  "t584": "Thay đổi Tạm ngưng sử dụng không thành công.",
  "t585": "Bạn đã kích hoạt {{num}} lần trong số 3 lần Tạm ngưng sử dụng.",
  "t586": "",
  "t587": "",
  "t588": "1) Bạn có thể tạm dừng gói học của mình tối đa 3 lần mỗi năm. (Ví dụ: 3 lượt tạm dừng được đặt lại vào ngày 1 tháng 1 hằng năm) \n 2) Mỗi lần tạm dừng có thể kéo dài tối đa 30 ngày và số ngày học sẽ không bị trừ trong thời gian này. \n 3) Bạn có thể tiếp tục học bất kỳ lúc nào trong thời gian tạm dừng. (Bạn có thể tiếp tục từ ngày hôm sau khi yêu cầu tạm dừng) \n 4) Khi gói học của bạn đang ở trạng thái tạm dừng, bạn sẽ không thể đăng ký vé mới hoặc thanh toán thêm ngày học.",
  "t589": "",
  "t590": "Hủy Tạm ngưng sử dụng",
  "t591": "Kích hoạt Tạm ngưng sử dụng",
  "t592": "Hủy Tạm ngưng sử dụng",
  "t593": "Kích hoạt Tạm ngưng sử dụng",
  "t594": "Khi hủy Tạm ngưng sử dụng, số ngày học còn lại sẽ bị trừ từ hôm nay. Bạn có thể bắt đầu học ngay sau khi hủy Tạm ngưng sử dụng. Bạn có muốn hủy Tạm ngưng sử dụng không?",
  "t595": "Tạm ngưng sử dụng chỉ dành cho học viên trả phí, mỗi tài khoản có thể kich hoạt tối đa 3 lần mỗi năm. Mỗi lần kích hoạt sẽ tự động tạm ngưng trong 30 ngày, và từ ngày tiếp theo sau khi hết thời hạn, số ngày học còn lại sẽ tự động bị trừ. Vào ngày bạn kích hoạt Tạm ngưng sử dụng, bạn không thể hủy. Bạn có muốn Tạm ngưng sử dụng không?",
  "t596": "Nếu còn số ngày học, bạn không thể hủy tư cách học viên. Vui lòng liên hệ với trung tâm chăm sóc khách hàng.",
  "t597": "Hủy tư cách học viên và Xóa tài khoản",
  "t598": "Bạn đã hủy tư cách học viên thành công. Cám ơn bạn đã sử dụng trong thời gian vừa qua.",
  "t599": "1. Thay đổi ý kiến",
  "t600": "2. Không đáp ứng được kỳ vọng",
  "t601": "3. Đang sử dụng ứng dụng khác tốt hơn",
  "t602": "4. Hay bị lỗi thường xuyên",
  "t603": "5. Không hài lòng với dịch vụ",
  "t604": "6. Đăng ký lại để thay đổi thông tin cá nhân",
  "t605": "7. Thiếu động lực để học",
  "t606": "8. Môi trường học tập bị thay đổi (Đổi nơi cư trú, di cư)",
  "t607": "9. Lý do khác",
  "t609": "Lý do hủy tư cách học viên",
  "t611": "Vui lòng nhập lý do khác.",
  "t612": "Hủy tư cách học viên",
  "t614": "Để hoàn tất việc hủy tư cách học viên, vui lòng nhập mã bảo mật bên dưới. Sau khi hủy tư cách học viên, tài khoản và dữ liệu học tập của bạn sẽ bị xóa vĩnh viễn. Hành động này không thể khôi phục lại sau khi hoàn tất.",
  "t615": "Mã bảo mật",
  "t616": "Vui lòng nhập mã bảo mật hiển thị trên màn hình.",
  "t617": "Lý do",
  "t618": "Xóa tài khoản vĩnh viễn",
  "t620": "Vui lòng nhập số điện thoại.",
  "t621": "Yêu cầu mã xác thực không thành công.",
  "t622": "Vui lòng yêu cầu mã xác thực lại.",
  "t623": "Số điện thoại đã được thay đổi.",
  "t624": "Xác thực không thành công.",
  "t625": "Cài đặt hiển thị học liên tục",
  "t626": "Nhận mã xác thực",
  "t627": "Nhập số điện thoại (không có dấu '-')",
  "t628": "Mã xác thực đã được gửi đến số điện thoại đã nhập.",
  "t629": "Mã xác thực",
  "t630": "Mã xác thực đã nhập không chính xác. Vui lòng nhập mã xác thực đúng.",
  "t631": "Nhập thông tin",
  "t632": "Kết quả tìm kiếm ID",
  "t633": "Trường học",
  "t634": "Tìm kiếm tên trường",
  "t636": "Nếu là học viên cá nhân, vui lòng chọn để đăng nhập hoặc đăng ký.",
  "t638": "Nếu là học viên của trường hoặc trung tâm, vui lòng chọn để đăng nhập.",
  "t639": "Tên sản phẩm",
  "t640": "Thời gian sử dụng",
  "t641": "Giá gốc",
  "t642": "Số tiền thanh toán cuối cùng",
  "t644": "Vui lòng chọn quyền sử dụng.",
  "t645": "Chi tiết sẽ được hiển thị.",
  "t651": "Thông tin người mua",
  "t652": "ID học viên",
  "t653": "Liên hệ của người mua",
  "t655": "Thay đổi",
  "t656": "Số điện thoại cần thay đổi",
  "t657": "Số điện thoại để nhận liên lạc",
  "t658": "(Nhập không có dấu '-')",
  "t659": "Nhận mã xác thực",
  "t661": "Nhập mã xác thực",
  "t663": "Cho phép thu thập thông tin cá nhân để xác nhận thông tin thanh toán (bắt buộc)",
  "t664": "Đồng ý nhận báo cáo học tập và thông báo tin tức (tùy chọn)",
  "t665": "Chi tiết",
  "t666": "Tên lớp",
  "t667": "Số tiền thanh toán",
  "t670": "Chưa có lịch sử thanh toán.",
  "t671": "Thời gian sử dụng còn lại",
  "t672": "ngày",
  "t673": "Kết thúc vào",
  "t674": "KAKAO PAY",
  "t675": "Thẻ tín dụng",
  "t676": "Chuyển khoản trực tuyến",
  "t677": "Nộp tiền không cần số tài khoản",
  "t678": "Không hỗ trợ",
  "t680": "Định dạng số điện thoại không hợp lệ.",
  "t681": "Định dạng email không hợp lệ.",
  "t683": "Vui lòng chọn phương thức thanh toán.",
  "t684": "Vui lòng nhập thông tin cơ bản cần thiết để thanh toán và nhấn nút thanh toán.",
  "t685": "(Thông tin liên hệ và địa chỉ email đã nhập sẽ không được sử dụng cho mục đích khác ngoài thanh toán.)",
  "t686": "Liên hệ (nhập chỉ số mà không có '-')",
  "t687": "Địa chỉ email",
  "t689": "Chọn sản phẩm",
  "t690": "Vui lòng chọn quyền sử dụng bạn muốn mua.",
  "t691": "Vui lòng nhập thông tin liên lạc.",
  "t692": "Bạn phải cho phép thu thập thông tin cá nhân để tiến hành thanh toán.",
  "t693": "Vui lòng chọn phương thức thanh toán.",
  "t694": "Thanh toán đã hoàn tất.",
  "t695": "Không thể truy xuất thông tin người dùng.",
  "t701": "Hạn thanh toán",
  "t702": "Thanh toán",
  "t703": "Không có lịch sử nợ chưa thanh toán.",
  "t704": "Việc sử dụng bị hạn chế do nợ chưa thanh toán. Vui lòng thanh toán để sử dụng.",
  "t705": "Thanh toán không thành công.",
  "t706": "Nếu bạn thoát khi thanh toán đang được tiến hành, có thể phát sinh phí. Bạn có muốn thoát ra không?",
  "t708": "Đang tiến hành thanh toán.",
  "t709": "Bạn phải cho phép thu thập thông tin cá nhân để kích hoạt voucher.",
  "t710": "Mã số voucher đã nhập không đúng. Vui lòng kiểm tra lại.",
  "t711": "Không thể nhập mã số voucher trùng lặp.",
  "t712": "Kích hoạt quyền sử dụng đã hoàn tất.",
  "t713": "Kích hoạt voucher",
  "t714": "Nếu bạn có mã số voucher, vui lòng nhập.",
  "t715": "Nhập thêm voucher",
  "t716": "Kích hoạt voucher",
  "t717": "Khi kích hoạt voucher hoàn tất, số ngày đã mua sẽ ngay lập tức được cộng vào thời gian sử dụng còn lại.",
  "t718": "Vui lòng kiểm tra thời hạn sử dụng ghi trên tin nhắn của voucher và kích hoạt voucher trước khi hết hạn.",
  "t719": "Voucher chưa kich hoạt hoặc không sử dụng trong thời hạn sẽ không được hoàn tiền 100%.",
  "t720": "Voucher đã sử dụng hoặc đã hết hạn chỉ được hoàn tiền một phần theo quy định hoàn tiền của công ty Reading Gate.",
  "t721": "Kết quả kich hoạt voucher",
  "t722": "Kích hoạt voucher không thành công.",
  "t723": "Voucher không hợp lệ.",
  "t724": "Voucher đã được sử dụng.",
  "t725": "Kích hoạt thành công.",
  "t726": "Vui lòng kiểm tra xem mã số voucher đã nhập có đúng không.",
  "t727": "Nếu có vấn đề xảy ra trong quá trình kích hoạt voucher, vui lòng liên hệ với trung tâm khách hàng của Reading Gate (028-7303-9199 hoặc Zalo 0828-848-000).",
  "t728": "Xác nhận",
  "t729": "Chỉ có thể nhập chữ cái và số.",
  "t730": "Trong thời gian Tạm ngưng sử dụng, không thể mua quyền sử dụng.",
  "t731": "Trong thời gian Tạm ngưng sử dụng, không thể kich hoạt voucher.",
  "t732": "Mua quyền sử dụng",
  "t734": "Lịch sử mua hàng",
  "t735": "Lịch sử nợ chưa thanh toán",
  "t736": "Lịch sử thanh toán",
  "t739": "Hướng dẫn sử dụng",
  "t740": "Sách đã được xóa khỏi Danh sách To-do.",
  "t741": "Sách đã được xóa khỏi Sách yêu thích.",
  "t742": "Bạn không có quyền thêm nội dung học.",
  "t743": "Bài kiểm tra trình độ chỉ dành cho học viên trả phí.",
  "t744": "Không thể tiến hành bài kiểm tra trình độ.",
  "t745": "Thời gian tham gia",
  "t746": "Kết quả học hôm nay sẽ được phản ánh trong bảng xếp hạng vào sáng mai.",
  "t748": "Những học viên được ghi danh trong Hall of Fame là những học sinh đã đạt được hơn 10,000 điểm đọc sách của Reading Gate.",
  "t749": "Thăng hạng và Học bổng",
  "t752": "Ngày ghi danh",
  "t753": "Điểm đọc sách/ Số lượng sách",
  "t754": "Là học viên đã đạt được Level Master trong 30 ngày qua. Kết quả học hôm nay sẽ được phản ánh trong bảng xếp hạng vào sáng mai.",
  "t755": "Số",
  "t761": "Hôm nay",
  "t762": "Số ngày học",
  "t763": "Không thể tìm kiếm quá 180 ngày.",
  "t764": "Số ngày học",
  "t765": "Tải xuống Excel",
  "t767": "Thoát ra",
  "t768": "Quản lý",
  "t770": "Thư viện ảnh",
  "t772": "Thoát ra",
  "t774": "Có khoản nợ chưa thanh toán.",
  "t775": "Trong thời gian tạm ngưng sử dụng, không thể học trên ứng dụng. Vui lòng học lại sau khi hủy Tạm ngưng sử dụng.",
  "t782": "Bài viết của Reading Gate",
  "t783": "Xem thêm",
  "t784": "Chiến dịch",
  "t785": "Chưa có thông tin nào được gửi đến.",
  "t786": "Nếu đã bắt đầu đọc sách, không thể xóa sách trong danh sách To-do.",
  "t788": "Quyển sách này có thể bắt đầu học từ ngày {{day}} tháng {{month}} năm {{year}}.",
  "t789": "",
  "t790": "",
  "t791": "",
  "t792": "",
  "t793": "Bắt đầu",
  "t794": "Xem lại",
  "t795": "Tiếp tục",
  "t796": "Không thể tải thông tin sách.",
  "t804": "eBook có kèm video hoạt hình",
  "t808": "eBook có kèm Workbook",
  "t811": "Không phải thời gian của thử thách King of Reading.",
  "t813": "Hãy thử thách bản thân với cuộc thi King of Reading! Đặt mục tiêu của bạn và đạt được mục tiêu trong thời gian cuộc thi diễn ra! (Nếu bạn đạt trên 150 điểm đọc sách trong một ngày, bạn không thể học thêm trong ngày đó.)",
  "t814": "Mục tiêu của tôi",
  "t815": "Tham gia học hơn {{num}} ngày trong thời gian cuộc thi diễn ra.",
  "t816": "",
  "t817": "",
  "t818": "Đạt được trên {{num}} điểm đọc sách.",
  "t819": "",
  "t820": "",
  "t821": "Thiết lập mục tiêu King of Reading",
  "t822": "Trên {{num}} điểm",
  "t823": "Hơn {{num}} ngày",
  "t824": "Tình trạng tham gia",
  "t825": "Hãy bắt đầu học!",
  "t826": "Bạn đã có học hôm nay!",
  "t827": "Điểm đã đạt được",
  "t828": "Từ ngày mai đến ngày kết thúc",
  "t829": "Cuộc thi King of Reading đã bắt đầu! Nếu bạn muốn tham gia, hãy chọn 'Xem tình trạng tham gia thử thách' trong cài đặt học.",
  "t830": "Truy cập ngay",
  "t835": "Tổng",
  "t836": "Quyển",
  "t839": "Step 1. Học bảng chữ cái Alphabet",
  "t840": "Step 2. Học phát âm Phonics",
  "t841": "Step 3. Học từ vựng Vocabulary",
  "t842": "Step 4. Đọc sách",
  "t843": "Vui lòng chọn cấp độ (Level) học.",
  "t844": "Lựa chọn 1. Làm bài kiểm tra trình độ",
  "t845": "Kết quả bài kiểm tra trình độ sẽ được thiết lập làm cấp độ (Level) học. Cấp độ (Level) học có thể thay đổi bất cứ lúc nào.",
  "t846": "Bắt đầu bài kiểm tra trình độ",
  "t847": "Lựa chọn 2. Tự lựa chọn cấp độ (Level) học",
  "t848": "Vui lòng chọn cấp độ (Level) dễ học mà không quan tâm đến trình độ tiếng Anh hiện tại. Cấp độ (Level) học đã chọn có thể thay đổi bất cứ lúc nào.",
  "t849": "Tiếng Anh cơ bản | Chưa đi học",
  "t850": "Giai đoạn này giúp làm quen với âm thanh, quy tắc và mẫu giao tiếp của tiếng Anh thông qua việc học bảng chữ cái (Alphabet), phát âm (Phonics), và từ vựng phổ biến (Sight Words).",
  "t851": "Đọc cơ bản | Tiểu học lớp 1-2",
  "t852": "Giai đoạn này giúp hiểu từ vựng cơ bản và các câu chuyện ngắn thông qua sự tiếp xúc lặp đi lặp lại với các chủ đề liên quan đến cuộc sống hàng ngày.",
  "t853": "Đọc cơ bản | Tiểu học lớp 3-4-5",
  "t854": "Giai đoạn này đề cập đến nhiều chủ đề và thể loại, giúp mở rộng câu thành đoạn văn và cải thiện khả năng đọc hiểu.",
  "t855": "Đọc nâng cao | THCS trở lên",
  "t856": "Giai đoạn này cho phép đọc độc lập với việc tăng cường vốn từ vựng và làm quen với các mẫu câu bao gồm nhiều thì khác nhau.",
  "t877": "Từ khóa",
  "t878": "Thời gian",
  "t879": "Quick Menu",
  "t880": "How to Use",
  "t881": "Leaderboard",
  "t882": "New Books",
  "t883": "Buy Workbook",
  "t884": "About Reading Gate",
  "t885": "Welcome to the Reading Gate! A Happy Habit Opening the Future!",
  "t886": "How to Use",
  "t887": "It’s not difficult. Follow the steps carefully and start learning!",
  "t888": "RG Shop",
  "t889": "Go to Shop",
  "t890": "Buy Workbook",
  "t891": "RG Membership",
  "t892": "View Discount Benefits",
  "t893": "Purchase",
  "t894": "Register Ticket",
  "t895": "Customer Support",
  "t896": "First-Time User?",
  "t897": "Study Guide",
  "t898": "Purchase & Ticket Registration",
  "t899": "Specifications",
  "t900": "Remote Support",
  "t901": "Download Center",
  "t902": "Event",
  "t903": "Leaderboard",
  "t904": "The joy of growing together with friends!!",
  "t905": "Go to Rent Paperback",
  "t906": "Audiobook & eBook Partnership",
  "t907": "Family Hooked on RG",
  "t908": "King of Reading Grand Prize Review",
  "t909": "Kids Hooked on RG",
  "t910": "Superstar Interview",
  "t911": "Collection of Interviews",
  "t912": "Donation Campaign",
  "t913": "Sponsorship Completed",
  "t914": "View Sponsorship Story",
  "t915": "View various news",
  "t916": "Attach File",
  "t917": "Attach Image",
  "t918": "Tệp đã chọn \"{{txt}}\" quá lớn. Chỉ có thể đính kèm tệp tối đa {{num}}MB.",
  "t919": "Ảnh đã chọn sẽ được hiển thị ở cuối nội dung.",
  "t920": "Vui lòng nhập tiêu đề.",
  "t921": "Vui lòng nhập nội dung hoặc đính kèm ảnh.",
  "t922": "Bạn có chắc muốn xóa bài viết này không?",
  "t923": "Bài viết đã được xóa.",
  "t924": "Ảnh đã chọn sẽ được hiển thị ở đầu nội dung.",
  "t925": "Write",
  "t926": "xóa tất cả.",
  "t927": "Bạn có muốn xóa tất cả To-Do không? \n(Những To-Do bạn đang làm hiện tại sẽ không bị xóa.)",
  "t928": "Tên học sinh (Tên thật)",
  "t929": "Bạn chỉ có thể sử dụng sau khi đăng nhập.",
  "t930": "ReadingGate English Reading King Challenge"
}
